Tab.Songs,Base.Cassette4BloodTakanashiKiara(COVER),250
Tab.Songs,Base.CassetteACDCBackInBlack,250
Tab.Songs,Base.CassetteACDCHighwaytoHell,250
Tab.Songs,Base.CassetteAfterdarkxSweaterweather(slow+reverb),250
Tab.Songs,Base.CassetteAimerRefrain,250
Tab.Songs,Base.CassetteAin'tItFunParamore,250
Tab.Songs,Base.CassetteALLOFFRefrainBoy,250
Tab.Songs,Base.CassetteAllTimeLowBackseatSerenade(Acoustic),250
Tab.Songs,Base.CassetteAllTimeLowDearMariaCountMeIn(ConnectSetsAcoustic),250
Tab.Songs,Base.CassetteAllTimeLowForBaltimore(Acoustic),250
Tab.Songs,Base.CassetteAllTimeLowMonsters(Acoustic),250
Tab.Songs,Base.CassetteAllTimeLowSixFeetUnderTheStars(Acoustic),250
Tab.Songs,Base.CassetteAllTimeLowSomewhereInNeverland(Acoustic),250
Tab.Songs,Base.CassetteAllTimeLowStayAwake(DreamsOnlyLastForANight)(Acoustic),250
Tab.Songs,Base.CassetteAllTimeLowTheRecklessandtheBrave(Acoustic),250
Tab.Songs,Base.CassetteAngHulingElBimboEraserheads,250
Tab.Songs,Base.CassetteAnimeThighs,250
Tab.Songs,Base.CassetteAnime[amv]dancin,250
Tab.Songs,Base.CassetteASIANKUNGFUGENERATIONBlueTrain,250
Tab.Songs,Base.CassetteASIANKUNGFUGENERATIONMustang,250
Tab.Songs,Base.CassetteASMALIBRASISALSABINTAN,250
Tab.Songs,Base.CassetteAttackontitanOSTRumbling,250
Tab.Songs,Base.CassetteAuldLangSyneAydenGeorgeRemix,250
Tab.Songs,Base.CassetteAuRaPanicRoom,250
Tab.Songs,Base.CassetteAvengedSevenfoldHailToTheKing,250
Tab.Songs,Base.CassetteAvengedSevenfoldShepherdOfFire,250
Tab.Songs,Base.CassetteAvrilLavigneSk8terBoi,250
Tab.Songs,Base.CassetteBNHASeason4EndingSayuriKoukainoUta,250
Tab.Songs,Base.CassetteBadGuyBillieEllish,250
Tab.Songs,Base.CassetteBaddestBitchShikiTMNSXKodamaBoyXBigGay,250
Tab.Songs,Base.CassetteBagsakanParokyaniEdgarfeatFrancisMandGloc9,250
Tab.Songs,Base.CassetteBassilyoLordPatawad,250
Tab.Songs,Base.CassetteBeMeDoul,250
Tab.Songs,Base.CassetteBeachHouseSpaceSong,250
Tab.Songs,Base.CassetteBebotBlackEyedPeas,250
Tab.Songs,Base.CassetteBeforeMyBodyIsDryHiroyukiSawano,250
Tab.Songs,Base.CassetteBennieGreenSoulStirrin,250
Tab.Songs,Base.CassetteBenBenPagtingin,250
Tab.Songs,Base.CassetteBettyWhoILoveYouAlwaysForever,250
Tab.Songs,Base.CassetteBeyondtheSeaBobbyDarin,250
Tab.Songs,Base.CassetteBigBangLastFarewell,250
Tab.Songs,Base.CassetteBIGGAYSLIDEftHENTAIDUDE[AMV],250
Tab.Songs,Base.CassetteBlackOutObsydia,250
Tab.Songs,Base.CassetteBloodstainYellowman,250
Tab.Songs,Base.CassetteBohemianRhapsodyQueen,250
Tab.Songs,Base.CassetteBonJoviItsMyLife,250
Tab.Songs,Base.CassetteBreakingBenjaminDiaryOfJane,250
Tab.Songs,Base.CassetteBringMeBackToLifeHtBristol,250
Tab.Songs,Base.CassetteBringMeTheHorizonCanYouFeelMyHeart,250
Tab.Songs,Base.CassetteBringMeTheHorizonDrown,250
Tab.Songs,Base.CassetteBringMeTheHorizonKingslayerftBABYMETAL,250
Tab.Songs,Base.CassetteBringmetheHorizonPapercut,250
Tab.Songs,Base.CassetteBTSDynamite,250
Tab.Songs,Base.CassetteButNotForMeChetBaker,250
Tab.Songs,Base.CassetteCaliforniaGurlsKatyPerry,250
Tab.Songs,Base.CassetteCalvinHarrisSummer,250
Tab.Songs,Base.CassetteCan'tHelpFallingInLoveElvisPresley,250
Tab.Songs,Base.CassetteCaramelldancingCaramellaGirls,250
Tab.Songs,Base.CassetteCarlosViolaSuBesodePlata(Redux),250
Tab.Songs,Base.CassetteCarlosViolaSuBesodePlata,250
Tab.Songs,Base.CassetteChainsawOSTKickBack,250
Tab.Songs,Base.CassetteChainSONGSAllChainsawmansongsinone,250
Tab.Songs,Base.CassetteChildishGambinoRedbone,250
Tab.Songs,Base.CassetteChoDoiCoDangSoAndiez,250
Tab.Songs,Base.CassetteCodyLovaasOhNo!,250
Tab.Songs,Base.CassetteCoffeeshopinyumaMitsukiyo,250
Tab.Songs,Base.CassetteColdplayASkyFullofStars,250
Tab.Songs,Base.CassetteColdplayEveryTeardropIsaWaterfall,250
Tab.Songs,Base.CassettecoldrainMAYDAY,250
Tab.Songs,Base.CassetteConnorPriceViolet(featKilla),250
Tab.Songs,Base.CassetteConroChardonnay(FeatKarra),250
Tab.Songs,Base.CassetteConstantModeratoBlueArchiveOST,250
Tab.Songs,Base.CassetteCorpseFtOmenXIIIPoltergeist,250
Tab.Songs,Base.CassetteCountingStarsOneRepublic,250
Tab.Songs,Base.CassetteCrisisBobMarley,250
Tab.Songs,Base.CassetteCyberangelHoyoMixHanser,250
Tab.Songs,Base.CassetteDabinHold(featDanielaAndrade),250
Tab.Songs,Base.CassetteDaftPunkDigitalLove,250
Tab.Songs,Base.CassetteDaftPunkEndofLine,250
Tab.Songs,Base.CassetteDanceGavinDanceCountBassy,250
Tab.Songs,Base.CassetteDarkStaresBadMachine,250
Tab.Songs,Base.CassetteDawidPodsiadloLetYouDown,250
Tab.Songs,Base.CassetteDaydreaminArianaGrande,250
Tab.Songs,Base.CassetteDeadInsideADLIN,250
Tab.Songs,Base.CassetteDearGodAvengedSevenfold,250
Tab.Songs,Base.CassetteDelightJamieBerry,250
Tab.Songs,Base.CassetteDemonSlayerOST(Lisa)Gurenge,250
Tab.Songs,Base.CassetteDJLookyLuSandstorm(Instrumental),250
Tab.Songs,Base.CassetteDoyoufeelitChaosChaos,250
Tab.Songs,Base.CassetteDoYouRememberLoveMariIijima,250
Tab.Songs,Base.CassetteDOMDOMYESYES(WEDNESDAY)memesong,250
Tab.Songs,Base.CassetteDotaOAko,250
Tab.Songs,Base.CassetteDreamonAerosmith,250
Tab.Songs,Base.Cassettedreamybullxxxambatakam(trapremix),250
Tab.Songs,Base.CassetteDreamybullxxxAmbatukam,250
Tab.Songs,Base.CassetteDSCWaswollenwirtrinken,250
Tab.Songs,Base.CassetteDumbDumbMazie,250
Tab.Songs,Base.CassetteDVRSTCloseEyes,250
Tab.Songs,Base.CassetteEEEAAAOOOMyFuckinMess,250
Tab.Songs,Base.CassetteElizaRoseBOTA(BaddestOfThemAll),250
Tab.Songs,Base.CassetteElvisPresleyWonderofU,250
Tab.Songs,Base.CassetteEMMDevilInDisguise,250
Tab.Songs,Base.CassetteEnemyTommeeProfittFeatBeaconLight&SamTinnesz,250
Tab.Songs,Base.CassetteENGLISHCOVERBokuNoPicoOP(OpeningTheme)KoiWoShiyouYo,250
Tab.Songs,Base.CassetteEraserheadsMagasin,250
Tab.Songs,Base.CassetteEraserheadsSpoliarium,250
Tab.Songs,Base.CassetteErikSatieGymnopedie,250
Tab.Songs,Base.CassetteEveBokurano,250
Tab.Songs,Base.CassetteEverySummertimeNIKI,250
Tab.Songs,Base.CassetteFabvLCan'tDoEnough,250
Tab.Songs,Base.CassetteFabvLCan'tGoBack,250
Tab.Songs,Base.CassetteFakeitSawanoHiroyukiftLaco,250
Tab.Songs,Base.CassetteFalloutboyAloneTogether,250
Tab.Songs,Base.CassetteFallOutBoyCenturies,250
Tab.Songs,Base.CassetteFeelGoodInc(metalvers)LeoMoracchioli,250
Tab.Songs,Base.CassetteFeelMyRyhtmRedVelvet,250
Tab.Songs,Base.CassetteFeint&BoyinabandTimeBomb(featVeela),250
Tab.Songs,Base.CassetteFinanaRyuguTSUNAMI,250
Tab.Songs,Base.CassetteFiveFingerDeathPunchJekyllandHyde(OfficialAudio),250
Tab.Songs,Base.CassetteFleetwoodMacTheChain,250
Tab.Songs,Base.CassetteFloppaGunRudeBoi&DopeBoii,250
Tab.Songs,Base.CassetteFlyMeToTheMoonBartHoward,250
Tab.Songs,Base.CassetteFortunateSonCreedenceClearwaterRevival,250
Tab.Songs,Base.CassetteFosterThePeoplePumpedUpKicks,250
Tab.Songs,Base.CassetteFourMilesDavis,250
Tab.Songs,Base.CassetteFOZZYJudas,250
Tab.Songs,Base.CassetteFreddieDreddLimbo,250
Tab.Songs,Base.CassetteFreeBirdGuitarSolobyLynyrdSkynyrd,250
Tab.Songs,Base.CassetteFregendThotarottie,250
Tab.Songs,Base.CassetteFromAshesToNewBreakingNow,250
Tab.Songs,Base.CassetteFromNowOnBANDMAID,250
Tab.Songs,Base.CassetteGhostbustersWALKTHEMOON,250
Tab.Songs,Base.CassetteGirls'FrontlineConnexion,250
Tab.Songs,Base.CassetteGodSeesAllEthyria,250
Tab.Songs,Base.CassetteGod'sPlanDrake,250
Tab.Songs,Base.CassetteGoodPartsLESSERAFIM,250
Tab.Songs,Base.CassetteGreengrassandhightidesTheOutlaws,250
Tab.Songs,Base.CassetteGunjoverTHEFIRSTTAKEYOASOBI,250
Tab.Songs,Base.CassetteGunsN'RosesSweetChildO'Mine,250
Tab.Songs,Base.CassetteGunsN'RosesWelcomeToTheJungle,250
Tab.Songs,Base.CassetteGutsThemeBeserk,250
Tab.Songs,Base.CassetteHalo3WarthogRunMusic,250
Tab.Songs,Base.CassetteHalo3ODSTRain(DeferenceforDarkness),250
Tab.Songs,Base.CassetteHausinNeuBerlinbutyouaremakingyourlaststandonthetopoftheReichstag,250
Tab.Songs,Base.CassetteHeartofTheNightDivideMusic,250
Tab.Songs,Base.CassetteHeartbreakAnniversaryGiveon,250
Tab.Songs,Base.CassetteHeatWaves(SlowedVersion)GlassAnimals,250
Tab.Songs,Base.CassetteHemenwayByMySide(AlbumVer),250
Tab.Songs,Base.CassetteHemenwayMayoimiichiNoUede,250
Tab.Songs,Base.CassetteHentaiBitchShikiTMNSXKodamaBoyXBigGay,250
Tab.Songs,Base.CassetteHeyyeyaaeyaaaeyaeyaa(FabulousSecretPowers)SLACKCiRCUS,250
Tab.Songs,Base.CassetteHidingintheDarkFabvLftAndreaStormKaden,250
Tab.Songs,Base.CassetteHighHopesPanicAttheDisco,250
Tab.Songs,Base.CassetteHighOnARockyLedgeMoondog,250
Tab.Songs,Base.CassetteHikaruUtada&SkrillexFaceMyFears,250
Tab.Songs,Base.CassetteHopeintheDarkLuxiem,250
Tab.Songs,Base.CassetteHoukaiSekainoUtahimeMikaKobayashi,250
Tab.Songs,Base.CassetteHouseoftheRisingSunWilbertEckart&VolksmusikStars,250
Tab.Songs,Base.CassetteHozierTakeMeToChurch,250
Tab.Songs,Base.CassetteHumanRag'n'BoneMan,250
Tab.Songs,Base.CassetteHypeBoyNewJeans,250
Tab.Songs,Base.CassetteHyperSpoilerCyberpunk2077OST,250
Tab.Songs,Base.CassetteIAin'tWorriedOneRepublic,250
Tab.Songs,Base.CassetteIDONTKNOWHOWBUTTHEYFOUNDMEAbsinthe,250
Tab.Songs,Base.CassetteIMONSTERWhoIsShe,250
Tab.Songs,Base.CassetteIReallyWanttoStayAtYourHouseRosaWalton,250
Tab.Songs,Base.CassetteIWillGiveYouMyAllPayday2OfficialSoundtrack,250
Tab.Songs,Base.CassetteI'mAModernRebelAlderonTyran,250
Tab.Songs,Base.CassetteI'mOnABoatTheLonelyIsland,250
Tab.Songs,Base.CassetteI'mYourTreasureBoxHoushouMarine,250
Tab.Songs,Base.CassetteIOIVeryVeryVery,250
Tab.Songs,Base.CassetteIceJJFishOnTheFloor,250
Tab.Songs,Base.CassetteIndilaTournerDansLeVide,250
Tab.Songs,Base.CassetteInfectedStarset,250
Tab.Songs,Base.CassetteInigoZobelCurtismith,250
Tab.Songs,Base.CassetteInitialDDejaVu,250
Tab.Songs,Base.CassetteInitialDNightofFire,250
Tab.Songs,Base.CassetteInitialDRunninginthe90s,250
Tab.Songs,Base.CassetteItWasn'tMeShaggy,250
Tab.Songs,Base.CassetteJJBAPillarMenThemeAwaken,250
Tab.Songs,Base.CassetteJJBAGoldenWindOSTGiorno'sTheme,250
Tab.Songs,Base.CassetteJackStauber'sMicropopAlDente,250
Tab.Songs,Base.CassetteJamiroquaiVirtualInsanity,250
Tab.Songs,Base.CassetteJeffersonAirplaneSomebodyToLove,250
Tab.Songs,Base.CassetteJikanganaiKirinji,250
Tab.Songs,Base.CassetteJimYosefxRIELLHateYou,250
Tab.Songs,Base.CassetteJohnDenverTakeMeHomeCountryRoads,250
Tab.Songs,Base.CassetteJonathanYoungTakeMeToChurchMetalvers,250
Tab.Songs,Base.CassettejuankarlosBuwan,250
Tab.Songs,Base.CassetteJusttheTwoofUsGroverWashingtonJrBillWithers,250
Tab.Songs,Base.CassetteJustinTimberlakeMyLove,250
Tab.Songs,Base.CassetteKapengMalamigJinChan,250
Tab.Songs,Base.CassetteKessokubandThatBand,250
Tab.Songs,Base.CassetteKingGnuSakayume,250
Tab.Songs,Base.CassetteKINOGoodNight,250
Tab.Songs,Base.CassetteKinoLeto,250
Tab.Songs,Base.CassetteKiraraMagicKagetsu,250
Tab.Songs,Base.CassetteKomiSanEd2FantasticYouth,250
Tab.Songs,Base.CassetteKonosubachiisanaBoukensha,250
Tab.Songs,Base.CassetteKonosubaOuchinikaeritai,250
Tab.Songs,Base.CassetteKORDHELLSCOPIN,250
Tab.Songs,Base.CassetteKumachanftTroutFreshØZIJuliaWuBCWBarryDwagieFly,250
Tab.Songs,Base.CassetteKuoriaUVERworld,250
Tab.Songs,Base.CassettekyOresuLalalabybbno$&y2k(lolicover),250
Tab.Songs,Base.Cassettekdavillain(slowednreverbed),250
Tab.Songs,Base.CassetteLazuLightDiamondCityLights,250
Tab.Songs,Base.CassetteLeavetheDoorOpenBrunoMarsAndersonPaakSilkSonic,250
Tab.Songs,Base.CassetteLEFTRIGHTXG,250
Tab.Songs,Base.CassetteLesFrictionWhoWillSaveYouNow,250
Tab.Songs,Base.CassetteLesleyGoreShe'sAFool,250
Tab.Songs,Base.CassetteLesleyGoreSunshineLollipopsAndRainbows,250
Tab.Songs,Base.CassetteLesleyGoreYouDon'tOwnMe,250
Tab.Songs,Base.CassetteLet'sJustLiveJeffWilliams&CaseyLeeWilliams,250
Tab.Songs,Base.CassetteLexieLiu818,250
Tab.Songs,Base.CassetteLightxShadowHiroyukiSawanofeatGemie,250
Tab.Songs,Base.CassetteLil$ilitxLilSalmonelaGaraGaraSlot4njing!,250
Tab.Songs,Base.CassetteLilMabuxDustyLocane,250
Tab.Songs,Base.CassetteLinger(cover)FreedomFry,250
Tab.Songs,Base.CassetteLinkinParkSomewhereIBelong,250
Tab.Songs,Base.CassetteLinkinParkWhatI'veDone,250
Tab.Songs,Base.CassetteLinkinParkxInTheEndMellenGi&TommeeProfittRemix,250
Tab.Songs,Base.CassetteLocationKhalid,250
Tab.Songs,Base.CassetteLoserKenshiYonezu,250
Tab.Songs,Base.CassetteLostItAllFabvL,250
Tab.Songs,Base.CassetteLucyDacusLaVieEnRose,250
Tab.Songs,Base.CassetteMajesticxBoneyMRasputin(2022Remix),250
Tab.Songs,Base.CassetteMakeItRightBTS,250
Tab.Songs,Base.CassetteMantraHujanKoboKanaeru,250
Tab.Songs,Base.CassetteMariyaTakeuchiPlasticLove,250
Tab.Songs,Base.CassetteMaroon5PayphoneftWizKhalifa,250
Tab.Songs,Base.CassetteMatteoTuraAmbition,250
Tab.Songs,Base.CassetteMayonakanodoorMikiMatsubara,250
Tab.Songs,Base.CassetteMCVirgins&YungNuggetStayStrapped,250
Tab.Songs,Base.CassetteMeraMeraMoriCalliope,250
Tab.Songs,Base.CassetteMetalGearRisingRevengeanceRedSunQuadrupleMix,250
Tab.Songs,Base.CassetteMetalGearRisingRevengeanceRedSun,250
Tab.Songs,Base.CassetteMetalGearRisingRevengeanceTheHotWindIsBlowing(CoverbyGO!!),250
Tab.Songs,Base.CassetteMetalGearRisingRevengeanceTheHotWindIsBlowing,250
Tab.Songs,Base.CassetteMetricLostKitten,250
Tab.Songs,Base.CassetteMicDrop(SteveAokiRemix)BTS,250
Tab.Songs,Base.CassetteMirrorSCANDAL,250
Tab.Songs,Base.CassetteMissYouOliverTree&RobinSchulz,250
Tab.Songs,Base.CassetteMitiSHomesickfeatSOUNDR,250
Tab.Songs,Base.CassetteMoanin'ArtBlakeyandtheJazzMessengers,250
Tab.Songs,Base.CassetteMolchatDomaSudno(TarkovFXedit),250
Tab.Songs,Base.CassetteMonsterMadeofMemoriesCitizenSoldier,250
Tab.Songs,Base.CassetteMoonHaloHoyoMix,250
Tab.Songs,Base.CassetteMoskauDschinghisKhan,250
Tab.Songs,Base.CassetteMSRALIVE,250
Tab.Songs,Base.CassetteMSRCanNotWaitFor,250
Tab.Songs,Base.CassetteMSRLoyaltotheBeat,250
Tab.Songs,Base.CassetteMSRManiFesto,250
Tab.Songs,Base.CassetteMUPPCuttingTears,250
Tab.Songs,Base.CassetteMyChemicalRomanceIDon'tLoveYou,250
Tab.Songs,Base.CassetteMyWayFrankSinatra,250
Tab.Songs,Base.CassetteMysterySkullsItsMine,250
Tab.Songs,Base.CassetteNaofumiHatayaLouvreMuseumInvasion,250
Tab.Songs,Base.CassetteNATIIVEMemoriesftFINLAY,250
Tab.Songs,Base.CassetteNeonJeffWilliamsfeatCaseyLeeWilliams,250
Tab.Songs,Base.CassetteNeverGonnaGiveYouUp(RenaiCirculationRemix),250
Tab.Songs,Base.CassetteNeveritaBadBunny,250
Tab.Songs,Base.CassetteNextLevelAStonWyld,250
Tab.Songs,Base.CassetteNickelbackBurnIttotheGround,250
Tab.Songs,Base.CassetteNievePlayback,250
Tab.Songs,Base.CassetteNightcoreSenpai(Deeperversion),250
Tab.Songs,Base.CassetteNightglowTanyaChua,250
Tab.Songs,Base.CassetteNINEONEidon'twannaseeuanymore,250
Tab.Songs,Base.CassetteNotAfraidAngela,250
Tab.Songs,Base.CassetteNurkoMillionBirdsFtElleVee,250
Tab.Songs,Base.CassetteNutKingCallLOVE,250
Tab.Songs,Base.CassetteNyanCatTheNateSparksBigBand,250
Tab.Songs,Base.CassetteOfMonstersandMenDestroyer,250
Tab.Songs,Base.CassetteOfficialdismWhiteNoise,250
Tab.Songs,Base.CassetteOMGNewJeans,250
Tab.Songs,Base.CassetteOneDanceDrakeftWizkid&Kyla,250
Tab.Songs,Base.CassetteONEOKROCKStandOutFitIn[OrchestraVer],250
Tab.Songs,Base.CassetteOneOkRockTheBeginning,250
Tab.Songs,Base.CassetteOneOkRockWeAre,250
Tab.Songs,Base.CassetteOnePieceOSTWeare,250
Tab.Songs,Base.CassetteOneReasonAmaLee,250
Tab.Songs,Base.CassetteOneTwoSisterNancy,250
Tab.Songs,Base.CassetteOoUpDharamaDown,250
Tab.Songs,Base.CassetteOutOfTouchThursdayDarylHallxJohnOates,250
Tab.Songs,Base.CassetteOverdoseKoboKanaeru(Cover),250
Tab.Songs,Base.CassetteOverstreetManOnTheMoon,250
Tab.Songs,Base.CassetteOwlCityFireflies,250
Tab.Songs,Base.CassetteOxTHIGHEST,250
Tab.Songs,Base.CassetteParanoid(2012Remaster)BlackSabbath,250
Tab.Songs,Base.CassetteParty(TalalMezherRemix)BadBunnyxRauwAlejandro,250
Tab.Songs,Base.CassettePaulGonsalvesLowGravy,250
Tab.Songs,Base.CassettePeaceSignKanRomKenshiYonezu,250
Tab.Songs,Base.CassettePeachesJustinBieberftDanielCaesarGiveon,250
Tab.Songs,Base.CassettePerfectPairBeabadoobee,250
Tab.Songs,Base.CassettePharmacistNorthMemphis,250
Tab.Songs,Base.CassettePhilo(watts)Curtismith,250
Tab.Songs,Base.Cassetteplayboicartidraco(slowedandreverb)(prodphasewave),250
Tab.Songs,Base.CassettePlaygroundBeaMiller,250
Tab.Songs,Base.CassettePluxrySkUrtGrave,250
Tab.Songs,Base.CassettePokemonThemeSong,250
Tab.Songs,Base.CassettePorterRobinson&MadeonShelter,250
Tab.Songs,Base.CassettePorterRobinsonEverythingGoesOn,250
Tab.Songs,Base.CassettePostMaloneCircles,250
Tab.Songs,Base.CassettePostMaloneSwaeLeeSunflower,250
Tab.Songs,Base.CassettePressureDivideMusic,250
Tab.Songs,Base.CassettePRXSXNTPFXTURETOKYODRIFT,250
Tab.Songs,Base.CassettePushittotheLimitbutyou'reaMiamiVicecoponadrugsbust,250
Tab.Songs,Base.CassetteQueenAnotherOneBitesTheDust,250
Tab.Songs,Base.CassetteQueenRadioGaGa,250
Tab.Songs,Base.CassetteRacingIntoTheNightYOASOBI,250
Tab.Songs,Base.CassetteRadioheadCreep,250
Tab.Songs,Base.CassetteRapportTatsuyaKitani,250
Tab.Songs,Base.CassetteREFLECTGawrGura,250
Tab.Songs,Base.CassetteRegressionHoyomixftYusuf&Ayanga,250
Tab.Songs,Base.CassetteRenaiCirculationKanaHanazawa,250
Tab.Songs,Base.CassetteRexIncognito,250
Tab.Songs,Base.CassetteRhodesiansNeverDieClemTholet,250
Tab.Songs,Base.CassetteRiceGumSuckySucky(LoveMeLongTime),250
Tab.Songs,Base.CassetteRickAstleyNeverGonnaGiveYouUp,250
Tab.Songs,Base.CassetteRideOnTimeTatsuroYamashita,250
Tab.Songs,Base.CassetteRIDEONTIMEENGLISHVERSIONCaitlinMyers,250
Tab.Songs,Base.CassetteRidersontheStormSnoopDoggfeatTheDoors,250
Tab.Songs,Base.CassetteRIELLFirst,250
Tab.Songs,Base.CassetteRinoTheKiddVESTIAZETAfeatLilPal,250
Tab.Songs,Base.CassetteRinoTheKiddxJetPumpMatiRasaCinta,250
Tab.Songs,Base.CassetteRoddyRicchTheBox,250
Tab.Songs,Base.CassetteRomanceSengenAyanoKaneko,250
Tab.Songs,Base.CassetteRottingChristGrandisSpiritusDiavolos,250
Tab.Songs,Base.CassetteRubiaZhouShenHoyoMix,250
Tab.Songs,Base.CassetteRunRabbitRunFlanagan&Allen,250
Tab.Songs,Base.CassetteRunningintheDarkMonkeyMajik,250
Tab.Songs,Base.CassetteSABATON82ndAlltheWay,250
Tab.Songs,Base.CassetteSABATONGhostDivision,250
Tab.Songs,Base.CassetteSABATONPrimoVictoria,250
Tab.Songs,Base.CassetteSaidTheSkyEraseMe(featNEONHEART),250
Tab.Songs,Base.CassetteSatuRasaCintaDaraAyuftBajolndanu,250
Tab.Songs,Base.CassetteSaveMeGlobus,250
Tab.Songs,Base.CassetteSayonaraByebyeMatsukoMawatari,250
Tab.Songs,Base.CassetteSCXRSOULDEMONSINMYSOUL(Slowed),250
Tab.Songs,Base.CassetteSenyumMaliqueftNajwa,250
Tab.Songs,Base.CassetteSerotoninMoonbeamsTheBlessedMadonna,250
Tab.Songs,Base.CassetteSetMeFreeAvengedSevenfold,250
Tab.Songs,Base.CassetteShawnJamesThroughtheValley,250
Tab.Songs,Base.CassetteShikiXKodamaBoyXBigGayAnimeGirl,250
Tab.Songs,Base.CassetteShikiTMNS&PiNKIIEGirlBounce,250
Tab.Songs,Base.CassetteShiningMyStarZ,250
Tab.Songs,Base.CassetteShinseiKamattechanMyWarBokunoSensou,250
Tab.Songs,Base.CassetteShinunogaEWaFujikaze,250
Tab.Songs,Base.CassetteShotgunWillyOreo,250
Tab.Songs,Base.CassetteSilversteinMyHeroine,250
Tab.Songs,Base.CassetteSnakesMIYAVIxPVRIS,250
Tab.Songs,Base.CassetteSoColdJohnaldftFrazer(prodChira),250
Tab.Songs,Base.CassetteSomethingStupidLolaMarsh,250
Tab.Songs,Base.CassetteSpaceSong(synthwavexretro80sremix)BeachHouse,250
Tab.Songs,Base.CassetteStaroftheCountyDownGANAIM,250
Tab.Songs,Base.CassetteStarboundOSTNovakidThemeIwastheSun,250
Tab.Songs,Base.CassetteStarfallTiaRayHoyoMix,250
Tab.Songs,Base.CassetteStarsetDevolution,250
Tab.Songs,Base.CassetteStarsetMonster,250
Tab.Songs,Base.CassetteStarsetMyDemons,250
Tab.Songs,Base.CassetteStarsetRichochet,250
Tab.Songs,Base.CassetteStarsetSatellite,250
Tab.Songs,Base.CassetteStarsetSymbiotic,250
Tab.Songs,Base.CassetteStarsetWaitingfortheskytochange,250
Tab.Songs,Base.CassetteSTAYNoResolveCover,250
Tab.Songs,Base.CassetteStellarStellarHoshimachiSuisei,250
Tab.Songs,Base.CassetteStephenPlayMeLikeAViolin,250
Tab.Songs,Base.CassetteStraightOuttaCyrodiil(original),250
Tab.Songs,Base.CassetteStrikeBackBackOn,250
Tab.Songs,Base.CassetteStuckintheAbyssNoctyx,250
Tab.Songs,Base.CassetteSupalonelyBeneeftGusDapperton,250
Tab.Songs,Base.CassetteSuperheroUnknownBrainChrisLinton,250
Tab.Songs,Base.CassetteSWERVECITYLIGHTS3,250
Tab.Songs,Base.CassetteTadhanaUpDharmaDown,250
Tab.Songs,Base.CassetteTAEYANGOnlyLookAtMe,250
Tab.Songs,Base.CassetteTAEYANGYOU'REMYINEEDAGIRL,250
Tab.Songs,Base.CassetteTakeMeOutSCANDAL,250
Tab.Songs,Base.CassetteTamacunBreakingBadSeason1,250
Tab.Songs,Base.CassetteTatsuyaKitaniScar,250
Tab.Songs,Base.CassetteTaylorSwiftIKnewYouWereTrouble,250
Tab.Songs,Base.CassetteTemplateHoshimachiSuisei,250
Tab.Songs,Base.CassetteTenThousandMilesAwayDanMilner,250
Tab.Songs,Base.CassetteTenkyuuSuiseiwaYoruwoMataideHoshimachiSuisei,250
Tab.Songs,Base.CassetteThaCrossroadsBoneThugsnHarmony,250
Tab.Songs,Base.CassetteTheAllAmericanRejectsGivesYouHell,250
Tab.Songs,Base.CassetteTheCaretakerIt'sjustaburningmemory2016,250
Tab.Songs,Base.CassetteTheChainsmokersCloser,250
Tab.Songs,Base.CassetteTheDevilWithinDigitalDaggers,250
Tab.Songs,Base.CassetteTheHopeCountyChoirKeepYourRiflebyYourSide(ChoirVersion),250
Tab.Songs,Base.CassetteTheHouseoftheRisingSun(metalvers)LeoMoracchioli,250
Tab.Songs,Base.CassetteTheJacksonsThisPlaceHotel,250
Tab.Songs,Base.CassetteTheKiffnessIevanPolkkaftBilalGoregen(ClubRemix),250
Tab.Songs,Base.CassetteTheKill(BuryMe)30SecondsToMars,250
Tab.Songs,Base.CassetteTheLastofUsGustavoSantaolalla,250
Tab.Songs,Base.CassetteTheNeighbourhoodDevil'sAdvocate,250
Tab.Songs,Base.CassetteTheNeighbourhoodSweaterWeather,250
Tab.Songs,Base.CassetteTheNewOrderLastDaysofEuropeSoundtrackBurgundianLullaby,250
Tab.Songs,Base.CassetteTheOutfieldAllTheLoveInTheWorld,250
Tab.Songs,Base.CassetteTheOutfieldSayItIsn'tSo,250
Tab.Songs,Base.CassetteTheOutfieldYourLove,250
Tab.Songs,Base.CassetteTheRebelPathCyberpunk2077,250
Tab.Songs,Base.CassetteTheRedJumpsuitApparatusFaceDown,250
Tab.Songs,Base.CassetteTheSearchNF,250
Tab.Songs,Base.CassetteTheSoundofSilenceDisturbed,250
Tab.Songs,Base.CassetteTheStrokesYouOnlyLiveOnce,250
Tab.Songs,Base.CassetteTheVerveBitterSweetSymphony,250
Tab.Songs,Base.CassetteTheseWallsKendrickLamar,250
Tab.Songs,Base.CassetteTheylongtobeClosetoyouCarpenters,250
Tab.Songs,Base.CassetteThighHighKodamaBoyShikiTMNSBigGay,250
Tab.Songs,Base.CassetteThisFffireFranzFerdinand,250
Tab.Songs,Base.CassetteThisIsGospelPanicAtTheDisco,250
Tab.Songs,Base.CassetteThisIsHowYouFallInLoveJeremyZucker&ChelseaCutler,250
Tab.Songs,Base.CassetteTimbalandGiveItToMe,250
Tab.Songs,Base.CassetteTimberPitbullftKesha,250
Tab.Songs,Base.CassetteTimeToSayGoodbyeJeffWilliams&CaseyLeeWilliams,250
Tab.Songs,Base.CassetteToHellAndBackSabaton,250
Tab.Songs,Base.CassetteTomyoneandonlyyouXiumin,250
Tab.Songs,Base.CassetteTOJINBATTLEROYALETears,250
Tab.Songs,Base.CassetteTomOdellAnotherLove,250
Tab.Songs,Base.CassetteTonightSCANDAL,250
Tab.Songs,Base.CassetteToroYMoiSoManyDetails,250
Tab.Songs,Base.CassetteTotMusicaAmalee,250
Tab.Songs,Base.CassetteTouchMyBody(TutsMyBarreh),250
Tab.Songs,Base.CassetteTriviumStrife,250
Tab.Songs,Base.CassetteTurjanAylahnTancaLelek,250
Tab.Songs,Base.CassetteTwoStepsFromHellNorwegianPirate,250
Tab.Songs,Base.CassetteU(EnglishVersion)milleniumparadexBelle,250
Tab.Songs,Base.CassetteUnbecomingStarset,250
Tab.Songs,Base.CassetteUndertopiaMonsterSirenRecords,250
Tab.Songs,Base.CassetteUnholySamSmithxKimPetras,250
Tab.Songs,Base.CassetteUNRAVELJonathanYoung,250
Tab.Songs,Base.CassetteUntrustUsCrystalCastles,250
Tab.Songs,Base.CassetteUtaPerformsNewGenesisONEPIECEFILMRED,250
Tab.Songs,Base.CassetteVanishedCrystalCastles,250
Tab.Songs,Base.CassetteVivaLaVida(coverbyJFla)Coldplay,250
Tab.Songs,Base.CassetteVoltesVThemeSong,250
Tab.Songs,Base.CassetteWaitingForTheEndLinkinPark,250
Tab.Songs,Base.CassetteWaitingForTheSun(RimworldOST),250
Tab.Songs,Base.CassetteWalangHangganQuest,250
Tab.Songs,Base.CassetteWatchMeBleedSingle,250
Tab.Songs,Base.CassetteWeDaheexSOLE,250
Tab.Songs,Base.CassetteWEAREJAPANESEGOBLINTohouProjectAstralTrip,250
Tab.Songs,Base.CassetteWeAreTheChampionsQueen,250
Tab.Songs,Base.CassetteWeBuiltThisCityStarship,250
Tab.Songs,Base.CassetteWeWillRockYouQueen,250
Tab.Songs,Base.CassetteWednesdayHAER,250
Tab.Songs,Base.CassetteWhatamIfightingforGirlsfrontline,250
Tab.Songs,Base.CassetteWhatIsLove7MixHaddaway,250
Tab.Songs,Base.CassetteWhenIgrowupNF,250
Tab.Songs,Base.CassetteWhenItFallsJeffWilliams&CaseyLeeWilliams,250
Tab.Songs,Base.CassetteWhichSideAreYouOnAlderonTyran,250
Tab.Songs,Base.CassetteWhitesummerandgreenbicycle[FLCL],250
Tab.Songs,Base.CassetteWhoyaExtendedVIVIDVICE,250
Tab.Songs,Base.CassetteWiBBLEWABBLEFiASKO,250
Tab.Songs,Base.CassetteWillieSpenceRihanna,250
Tab.Songs,Base.CassetteWILLISIThinkILikeWhenItRains,250
Tab.Songs,Base.CassetteWITHYOU(NGAUHUNG)HOAPROX,250
Tab.Songs,Base.CassetteWolftotemTheHU,250
Tab.Songs,Base.CassetteWolfensteinHouseoftheRisingSunRemixAydenGeorge,250
Tab.Songs,Base.CassetteWoodkidRunBoyRun,250
Tab.Songs,Base.CassetteYakuza0PledgeofDemon(IntenseSymphonicMetalCover),250
Tab.Songs,Base.CassetteYakuza0PledgeofDemon,250
Tab.Songs,Base.CassetteYuveYuveyuTheHU,250
Tab.Songs,Base.CassetteYVEShiraeth,250
Tab.Songs,Base.CassetteYVESpillowtalk,250
Tab.Songs,Base.CassetteYVESSevenYears,250
Tab.Songs,Base.CassetteZellaDayEastofEden,250
Tab.Songs,Base.CassetteZerotwodance2PhutHon(KAIZRemix),250
Tab.Songs,Base.CassetteZodivkDevilEyes,250
Tab.Songs,Base.CassetteZOMBIE(metalvers)JonathanYoung,250
Tab.Songs,Base.CassetteZombie(metalvers)LeoMoracchioli,250
Tab.Songs,Base.CassetteIgnitefeatCaseyLeeWilliams&LamarHall,250
Tab.Songs,Base.CassetteBadLuckCharmJeffWilliams,250
Tab.Songs,Base.CassetteCaffeineJeffWilliams&CaseyLeeWilliamsfeatLamarHall,250
Tab.Songs,Base.CassetteSabakDaddyCookies,250
Tab.Songs,Base.Cassetteyourepostedinthewrongplasticlove,250
Tab.Songs,Base.CassetteVapinginthehoodJulianRead,250
Tab.Songs,Base.CassetteTheCoconutSongSanMiguelMasterChorale,250
Tab.Songs,Base.CassetteFriedNoodlesPinkGuy,250
Tab.Songs,Base.CassetteShadowWorldShihokoHirata,250
Tab.Songs,Base.CassetteColorsFlyingHighLyn,250
Tab.Songs,Base.CassetteSugarCrash2NoticeMeSenpai,250
Tab.Songs,Base.CassetteThirtySecondstoMarsThisisWar,250
Tab.Songs,Base.CassetteThirtySecondstoMarsTheKill,250
Tab.Songs,Base.CassetteTheAmityAfflictionPittsburgh,250
Tab.Songs,Base.CassetteWinkTurnItintoLove(Cover),250
Tab.Songs,Base.CassetteWinkWhereWereYouLastNight(Cover),250
Tab.Songs,Base.CassetteCyndiLauperTheGooniesRGoodEnough,250
Tab.Songs,Base.CassetteRoyOrbisonIDroveAllNight,250
Tab.Songs,Base.CassetteSpiceGirlsSpiceUpYourLife,250
Tab.Songs,Base.CassetteSpiceGirlsWannabe,250
Tab.Songs,Base.CassetteSpiceGirlsWhoDoYouThinkYouAre,250
Tab.Songs,Base.CassettePONPONSHTNamakopuri&UsCracks,250
Tab.Songs,Base.CassetteCindyLauperGirlsJustWantToHaveFun,250
Tab.Songs,Base.CassetteNaughtyBoyNoOne'sHereToSleep,250
Tab.Songs,Base.Cassetteclassicjdiesandgoestohellpart1,250
Tab.Songs,Base.CassetteMachibhasadbloodywood,250
Tab.Songs,Base.CassetteBeyondtheburningskiesbattlebeast,250
Tab.Songs,Base.CassetteEverythingWillFreezeUNDEADCORPORATION,250
Tab.Songs,Base.CassetteNightofNightsmetalcoverRichaadEB,250
Tab.Songs,Base.CassetteFarhaTAFRIJIYYAH,250
Tab.Songs,Base.CassetteColdplayTheScientist,250
Tab.Songs,Base.CassetteBackInTheGameSnoopDoggEminemDrDre,250
Tab.Songs,Base.CassetteEuropeTheFinalCountdown,250
Tab.Songs,Base.CassetteLMYKWithoutLove,250
Tab.Songs,Base.CassetteRascalFlattsLifeIsAHighway,250
Tab.Songs,Base.CassetteDanDanKokoroHikaretekuDragonBallGT,250
Tab.Songs,Base.CassetteALikeSupremeSAMURAI,250
Tab.Songs,Base.CassetteChippin'InSAMURAI,250
Tab.Songs,Base.CassetteNeverFadeAwaySAMURAI,250
Tab.Songs,Base.CassetteBestbandintheuniversestarshipvelociraptor,250
Tab.Songs,Base.CassetteSodikkenMiseryMeat,250
Tab.Songs,Base.CassetteLostLinkinPark,250
Tab.Songs,Base.CassetteSailorMoonMoonlightDensetsu,250
Tab.Songs,Base.CassetteMareuxThePerfectGirl,250
Tab.Songs,Base.CassetteWeAllLiftTogetherKeithPower,250
Tab.Songs,Base.CassetteINTERWORLDMETAMORPHOSISSlowed+Reverb,250
Tab.Songs,Base.CassetteMetalBruteJusticeModeThePrimals,250
Tab.Songs,Base.CassetteBadApple!!Nomico,250
Tab.Songs,Base.CassetteWeightoftheWorldJapaneseNieRAutomataOST,125
Tab.Songs,Base.CassetteWeightoftheWorldEnglishNieRAutomataOST,125
Tab.Songs,Base.CassetteBeneaththeMaskPersona5OST,250
Tab.Songs,Base.CassetteMidnightRideL4D2Soundtrack,250
Tab.Songs,Base.CassetteStantoughHipsDon'tLieBardcorever,250
Tab.Songs,Base.CassetteNostalghiaHomeostasis,250
Tab.Songs,Base.CassetteBlindWItnessAllAlone,250
Tab.Songs,Base.CassetteNataliaImbrugliaTorn,250
Tab.Songs,Base.CassetteSelenaGomezKillingwithKindness,250
Tab.Songs,Base.CassetteAIKHODIJAHHUWANNUR,250
Tab.Songs,Base.CassetteMetroBoominftFutureChrisBrownSuperhero,250
Tab.Songs,Base.CassetteMrKittyAfterDark,250
Tab.Songs,Base.CassetteKonoSubaMovieKurenaiDensetsu,250
Tab.Songs,Base.CassetteDoYouRememberTake2Usuda,250
Tab.Songs,Base.CassetteDaCapoHOYOMiX,250
Tab.Songs,Base.CassetteaLIEzEnglishversionAmaLeecover,250
Tab.Songs,Base.CassetteACruelAngel'sThesisEurobeatRemix,250
Tab.Songs,Base.CassetteLippsIncFunkytown,250
Tab.Songs,Base.Cassette4lungHIKIKOMORICLOWNCOLLEGE,250
Tab.Songs,Base.CassetteImagineDragonsDemons,250
Tab.Songs,Base.CassetteNarutoShippudenOpening3BlueBird,250
Tab.Songs,Base.CassetteSodikkenHansel,250
Tab.Songs,Base.CassetteRocknRollMorningLightFallsonYouKessokuBandBocchivocals,250
Tab.Songs,Base.CassetteONEOKROCKTakeWhatYouWant,250
Tab.Songs,Base.CassetteMegumiAcordaGhost,250
Tab.Songs,Base.CassetteXGSHOOTINGSTAR,250
Tab.Songs,Base.CassetteDeltaSpiritCalifornia,250
Tab.Songs,Base.CassetteBladeofMiquella,250
Tab.Songs,Base.CassetteAndrewWKGetReadytoDie,250
Tab.Songs,Base.CassetteTaeYeonINVU,250
Tab.Songs,Base.CassetteIAmAllOfMeCrush40,250
Tab.Songs,Base.CassetteLoveShotEXO,250
Tab.Songs,Base.CassetteSuperRisernanidato,250
Tab.Songs,Base.CassetteBossanovaMusicLiborioConti,250
Tab.Songs,Base.CassetteOperationpyriteJasonWalsh,250
Tab.Songs,Base.CassetteBackstreetBoysIWantItThatWay,250