Tab.Household,Base.BarBell,500
Tab.Household,Base.DumbBell,250
Tab.Household,Base.AlarmClock2,50
Tab.Household,Base.BluePen,50
Tab.Household,Base.Notebook,50
Tab.Household,Base.Eraser,50
Tab.Household,Base.Journal,50
Tab.Household,Base.KnittingNeedles,50
Tab.Household,Base.LetterOpener,50
Tab.Household,Base.Needle,50
Tab.Household,Base.Pen,50
Tab.Household,Base.Pencil,50
Tab.Household,Base.RedPen,50
Tab.Household,Base.Scissors,50
Tab.Household,Base.SheetPaper2,50
Tab.Household,Base.UmbrellaBlack,50
Tab.Household,Base.UmbrellaBlue,50
Tab.Household,Base.UmbrellaRed,50
Tab.Household,Base.UmbrellaWhite,50
Tab.Household,Base.CarKey,50
Tab.Household,Base.CombinationPadlock,50
Tab.Household,Base.Key1,50
Tab.Household,Base.Key2,50
Tab.Household,Base.Key3,50
Tab.Household,Base.Key4,50
Tab.Household,Base.Key5,50
Tab.Household,Base.KeyPadlock,50
Tab.Household,Base.Padlock,50
Tab.Household,Base.Baseball,50
Tab.Household,Base.Basketball,50
Tab.Household,Base.Bell,50
Tab.Household,Base.Bricktoys,50
Tab.Household,Base.Button,50
Tab.Household,Base.CatToy,50
Tab.Household,Base.Disc,50
Tab.Household,Base.ChessBlack,50
Tab.Household,Base.ChessWhite,50
Tab.Household,Base.Cologne,50
Tab.Household,Base.Comb,50
Tab.Household,Base.Corkscrew,50
Tab.Household,Base.Crayons,50
Tab.Household,Base.Cube,50
Tab.Household,Base.Dart,50
Tab.Household,Base.Dice,50
Tab.Household,Base.DogChew,50
Tab.Household,Base.Doll,50
Tab.Household,Base.Football,50
Tab.Household,Base.Frame,50
Tab.Household,Base.GolfBall,50
Tab.Household,Base.Leash,50
Tab.Household,Base.Locket,50
Tab.Household,Base.PaperclipBox,50
Tab.Household,Base.CardDeck,50
Tab.Household,Base.PoolBall,50
Tab.Household,Base.Razor,50
Tab.Household,Base.RubberBand,50
Tab.Household,Base.Rubberducky,50
Tab.Household,Base.Spiffo,50
Tab.Household,Base.Sponge,50
Tab.Household,Base.TennisBall,50
Tab.Household,Base.ToiletPaper,50
Tab.Household,Base.Toothbrush,50
Tab.Household,Base.Toothpaste,50
Tab.Household,Base.ToyBear,50
Tab.Household,Base.ToyCar,50
Tab.Household,Base.WaterDish,50
Tab.Household,Base.Yoyo,50
Tab.Household,Base.Plunger,50
Tab.Household,Base.TvAntique,50
Tab.Household,Base.Lamp,50
Tab.Household,Base.HamRadioMakeShift,50
Tab.Household,Base.RadioMakeShift,50
Tab.Household,Base.WalkieTalkieMakeShift,50
Tab.Household,Base.Mattress,50
Tab.Household,Base.Pillow,50
Tab.Household,Base.WalkieTalkie3,50
Tab.Household,Base.HamRadio1,50
Tab.Household,Base.RadioRed,50
Tab.Household,Base.TvWideScreen,50
Tab.Household,Base.WalkieTalkie4,50
Tab.Household,Base.WalkieTalkie1,50
Tab.Household,Base.HamRadio2,50
Tab.Household,Base.WalkieTalkie5,50
Tab.Household,Base.RadioBlack,50
Tab.Household,Base.TvBlack,50
Tab.Household,Base.WalkieTalkie2,50
Tab.Household,Base.PropaneTank,50
Tab.Household,Base.CDplayer,50
Tab.Household,Base.CordlessPhone,50
Tab.Household,Base.Earbuds,50
Tab.Household,Base.Headphones,50
Tab.Household,Base.HomeAlarm,50
Tab.Household,Base.Speaker,50
Tab.Household,Base.Timer,50
Tab.Household,Base.Remote,50
Tab.Household,Base.VideoGame,50
Tab.Household,Base.BakingPan,50
Tab.Household,Base.BreadKnife,50
Tab.Household,Base.ButterKnife,50
Tab.Household,Base.TinOpener,50
Tab.Household,Base.BoxOfJars,50
Tab.Household,Base.EmptyJar,50
Tab.Household,Base.JarLid,50
Tab.Household,Base.Fork,50
Tab.Household,Base.Pan,50
Tab.Household,Base.GridlePan,50
Tab.Household,Base.KitchenKnife,50
Tab.Household,Base.MeatCleaver,50
Tab.Household,Base.MortarPestle,50
Tab.Household,Base.RoastingPan,50
Tab.Household,Base.RollingPin,50
Tab.Household,Base.Saucepan,50
Tab.Household,Base.Spoon,50
Tab.Household,Base.BathTowel,50
Tab.Household,Base.Bleach,50
Tab.Household,Base.DishCloth,50
Tab.Household,Base.HouseholdCleaningLiquid,50
Tab.Household,Base.Mop,50
Tab.Household,Base.Soap,50
Tab.Household,Base.HairDyeBlack,50
Tab.Household,Base.HairDyeBlonde,50
Tab.Household,Base.HairDyeBlue,50
Tab.Household,Base.MakeupEyeshadow,50
Tab.Household,Base.MakeupFoundation,50
Tab.Household,Base.HairDyeGreen,50
Tab.Household,Base.Hairgel,50
Tab.Household,Base.Hairspray,50
Tab.Household,Base.HairDyeLightBrown,50
Tab.Household,Base.Lipstick,50
Tab.Household,Base.Mirror,50
Tab.Household,Base.Perfume,50
Tab.Household,Base.HairDyePink,50
Tab.Household,Base.HairDyeRed,50
Tab.Household,Base.Ring,50
Tab.Household,Base.HairDyeGinger,50
Tab.Household,Base.HairDyeWhite,50
Tab.Household,Base.HairDyeYellow,50
Tab.Household,Base.Scotchtape,50
Tab.Household,Base.DuctTape,50
Tab.Household,Base.Glue,50
Tab.Household,Base.Woodglue,50
